,Job Title,Company Name: ,Location,Country,Employment Type,Experience Needed,Description,Requirments
0,Senior/Mid Senior Deep Learning Engineer,Confidential,"Mokattam, Cairo", Egypt,['Full Time'],Experienced,"['Reviewing, replicating, and mapping research papers when needed', 'Staying up to date with state-of-the-art deep learning tools and papers on application adopted by the company', 'Applying and ensuring best practices in terms of deep learning code reproducibility, automation, deployment, and maintainability', 'Applying and ensuring best practices in terms of data collection, storage, and pre-processing', 'Continuously reviewing and optimizing existing models and pipelines']","['Completed Master’s degree or higher in Artificial Intelligence, Computer Science or similar', 'Significant (4+ years) industry experience bringing large-scale deep learning models into production (at a senior level) - Experience in MLOps is a must', 'Experience with dealing with real-world, noisy and often limited datasets', 'Strong fundamentals in probability theory, information theory, statistics, linear algebra, computer science, data structures, code optimization and algorithms', 'Deep familiarity/experience with Python, PyTorch/TensorFlow/ transformers (hugging face), pandas, numpy, etc.; embodied in Published paper implementations, Open Source Contributions, Github Projects, etc', 'Functional design, and/or translating of a functional design into a solution', 'Results-oriented, proactive and decisive', 'Strong communication and ownership skills', 'A curious, creative, and analytical mindset']"
1,ML Engineer - Recommendation System,TensorGraph,"Maadi, Cairo", Egypt,"['Part Time', 'Freelance / Project']",Entry Level,"['Build and Improve the existing recommendation system', 'Design and implement the new approaches in recommendation systems', 'Set the System evaluation KPIs and Golden data', 'Analysis the historical data to choose the right approach']","['BA in Computer Science and similar fields', 'has 1+ years in recommendations systems', 'Have a strong background in machine learning, with experience and expertise in personalized machine learning algorithms, especially recommender systems', 'Nice to have experience in Conversational AI Models and working with Language understanding Models', 'Experience with python, Nodejs', 'Experience with ML frameworks and libraries', 'Ability to write “Robust and testable codes', 'Statistical Analysis']"
2,Internship - Graduates,Trufla,"Heliopolis, Cairo", Egypt,['Internship'],Entry Level,[],[]
3,Data Scientist,Confidential,Riyadh, Saudi Arabia,['Full Time'],Experienced,"['Selecting features, building, and optimizing models using machine learningtechniques', 'Data mining using state-of-the-art methods', 'Enhancing data collection procedures to include information that is relevant forbuilding analytic systems', 'Processing, cleansing, and verifying the integrity of data used for analysis', 'Doing ad-hoc analysis and presenting results in a clear manner', 'Creating automated anomaly detection systems and constant tracking of itsperformance', 'Provide clear insights that help define strategy, and facilitate speed and accuracy ofdecision-making, and ultimately make a positive impact on the business', 'Work in the opportunity, investigate, and explore phases of product development toidentify the biggest and most valuable consumer needs and motivations', 'Have a strong toolkit for quantitative and qualitative methods to apply in problem-solving', 'Translate business questions into learning plans and then lead, develop, design andconduct primary research studies to enable the synthesis of data to develop insights', 'Ensure effective communication of market data, including synthesizing them intoinsights for action', 'Manage third-party vendors to ensure learning objectives are met, and quality researchstandards are maintained', 'Find opportunities to develop and champion the use of new research methods toaddress unique research challenges and evolving trends', 'Remain abreast of best practices within the discipline and research methodsemployed, including the latest evolution of approaches as the industry develops', 'Coordinate multiple tasks simultaneously, meeting deadlines and workingproductively and efficiently under pressure']","['Strong applied mathematical and statistical skills regardless of the tools', 'Excellent written and verbal communication skills for coordinating across teams', 'Knowledge of a variety of machine learning techniques (clustering, decision treelearning, artificial neural networks, etc.) and their real-world advantages/drawbacks', 'Data-oriented personality', 'Good applied statistics skills, such as distributions, statistical testing, regression, etc', 'Good understanding of data mart schemas, and OLAP tools', 'Good understanding of data visualization concepts and tools', 'Good understanding of using query languages such as SQL', 'Broad understanding of databases (e.g. Oracle PL/SQL, Mongo), and high-the performance or distributed processing (e.g. Hadoop, Spark', 'Deep understanding of probability, statistics and machine learning theory', 'Experience with Python, Machine learning libraries, and data mining', 'Good scripting and programming skills Python, R Data-oriented personality', 'Must have a good understanding of machine/deep learning techniques and algorithms(SVM, Naive Bayes, Decision Forests, Neural Networks, etc', 'Applied experience with machine learning on large datasets', 'Demonstrated skills in selecting the right statistical tools given a data analysisproblem', 'Experience with statistical software (e.g., R, Julia, MATLAB, pandas) and databaselanguages (e.g., SQL', 'Advanced level in Microsoft Excel', 'Build, test and deliver new analytics/models using the new data sets as required tounderpin use case', 'Excellent understanding of machine learning techniques and algorithms such as k-NN, Naive Bayes, SVM, Decision Forests, etc. Experience with common data sciencetoolkits']"
4,Senior Data Scientist,BBI-Consultancy,"Nasr City, Cairo", Egypt,['Full Time'],Experienced,"['Identify valuable data sources and automate collection processes', 'Undertake preprocessing of structured and unstructured data', 'Analyze large amounts of information to discover trends and patterns', 'Build predictive models and machine-learning algorithms', 'Combine models through ensemble modeling', 'Present information using data visualization techniques', 'Propose solutions and strategies to business challenges', 'Collaborate with engineering and product development teams']","['BSc/BA in Computer Science, Engineering or relevant field; graduate degree in Data Science or other quantitative field is preferred', 'Years of proven experience as a Data Scientist', 'Experience in DataRobot or any similar tool', 'Experience in data mining', 'Understanding of machine-learning and operations research', 'Knowledge of R, SQL and Python; familiarity with Scala, Java or C++ is an asset', 'Experience using business intelligence tools (e.g. Tableau) and data frameworks (e.g. Hadoop', 'Analytical mind and business acumen', 'Strong math skills (e.g. statistics, algebra', 'Problem-solving aptitude', 'Excellent communication and presentation skills']"
5,Data Science Instructor,EpsilonAI,"Nasr City, Cairo", Egypt,"['Full Time', 'Part Time']",Entry Level,"['Epsilon AI Institute is hiring Data Science instructors who Manage and delivers the course materials to trainees in an engaging thought-provoking manner', 'The successful candidate will be able to contribute to the delivery of topics relating to Artificial Intelligence, Machine Learning, Data Science and Programming', 'Engage in the classroom and reply to emails, Trainees’ questions, etc. within 24 hours on non-holiday weekdays', ""Evaluate and grade Trainees' class work, assignments, and papers within the timeframe set forth by Epsilon AI policy providing effective feedback to guide Trainees' learning and success"", ""Maintain the cadence of the course: Keep Trainees on track, monitor each individual's progress, and design and implement learning or service interventions when Trainees fall behind""]","['Expert level in Python including Numpy, Pandas, Scikit-learn', 'Proficiency in Relational and non-relational databases, and Cloud computing with in-depth knowledge of machine learning and artificial intelligence libraries, and APIs', 'Strong foundation in Mathematics', 'Expert level in MLlib', 'Excellent programming skills (including OOP and preferably functional programming', 'Solid Understanding of Machine Learning Models; Data Preparation, Cleaning up data; Mathematics; Model Deployment', 'Solid understanding of Data Science techniques', 'Excellent software engineering skills (Agile methodologies, Git, continuous development, etc', 'Lead project sprints, helping Trainees scope and execute larger technical projects to demonstrate mastery of each content module', 'Diligently respond to Trainees needs and questions during the course schedule', 'Acts as a technical mentor guiding Trainees on a technical journey of discovery', 'Working experience in data science', 'Bachelor’s degree (or higher) in -Computer Science or related field preferred', 'A minimum of 1-year experience with research/development/application of Data Science', 'Experience using technology and interactive electronic materials to support teaching and learning', 'Experience using a Learning Management System such as Google Classroom, Canvas']"
6,Data Scientist,Seoudi Supermarket,"Sheikh Zayed, Giza", Egypt,['Full Time'],Entry Level,"['Analyze raw data: assessing quality, cleansing, structuring for downstream processing', 'Design accurate and scalable prediction algorithms', 'Collaborate with engineering team to bring analytical prototypes to production', 'Generate actionable insights for business improvements']","[""Bachelor's degree or equivalent experience in quantitative field (Statistics, Mathematics, Computer Science, Engineering, etc"", ""At least 1 - 4 years' of experience in quantitative analytics or data modeling"", 'Deep understanding of predictive modeling, machine-learning, clustering and classification techniques, and algorithms', 'Fluency in a programming language (Python, C,C++, Java, SQL', 'Familiarity with Big Data frameworks and visualization tools (Cassandra, Hadoop, Spark, Tableau']"
7,Senior Data Engineer,Worex,"Maadi, Cairo", Egypt,['Full Time'],Experienced,"['New data integrations, DataOps, troubleshooting & automation & Teradata migration and transformations', 'Create and maintain, with the team, an optimal data pipeline architecture', 'Build, deploy, and maintain distributed data analytics systems using Hadoop/Spark, Python, Java , Go , Scala, and C/C', 'Assemble large, complex data sets that meet functional / non-functional requirements', 'Identify, design, and implement internal process improvements: automating manual processes, optimizing data delivery, re-designing infrastructure for greater scalability, etc', 'Build the infrastructure required for optimal loading of data from a wide variety of data sources using SQL and big data technologies', 'Work with stakeholders including the Data and Design teams to assist with data-related technical issues and support their data infrastructure needs', 'Identify gaps and improve the platform’s quality, robustness, and speed', 'Meet customer requirements in terms of availability, reliability, functionality, and performance']","['Results-oriented, determined and having a self-driven attitude', 'Deep Understanding of CS (Data Structure , Algorithms , Data Sterilization , Discreate Mathematics , CLI , Shell Scripting , networking, and corn jobs', 'Proven Experience in programming languages like (Java , Python , Scala', 'Deep understanding of relational and non-relational databases', 'Basics understanding and implementing Machine Learning (TensorFlow, Spark MiLB', 'Experience building and optimizing ‘big data’ data pipelines, architectures, and data sets. In both batch and real-time data integration']"
8,Mechanical Production Engineer,ATA Electronics,"th of October, Giza", Egypt,['Full Time'],Entry Level,"['Responsible for achieving production plan for each production line in accordance to predetermined standards and product special controls', 'Work effectively with team members of all disciplines, working on increasing production capacity and decreasing waste and Proficiency in MS Office', 'Cooperate and communicate effectively with production team', 'Follow up maintenance process to raise efficiency', 'Reviewing the materials needed for the production process', 'Reporting emergency equipment malfunctions', 'Participate in the development of manufacturing processes by studying production requirements', 'Fulfill any additional tasks as per job need', 'Review product design for compliance with engineering principles, company standards and customer contract requirements, and related specifications', 'Understand mold making, prototyping and product testing']","['Experience 0 - to 5 years in metal forming and press machines', 'Familiarity with various manufacturing methods (e.g., molding, welding, soldering, adhesives, machining, stamping, cables manufacturing, injection machines and forming', 'Bachelor’s degree in mechanical engineering is a must', 'Good knowledge of Solid\xa0works, AutoCAD, CorelDraw, Sheet Metal and Microsoft office', 'Very good command of English', 'Learning & researching', 'Decision making ability and leadership skills']"
9,Mechanical Engineer ( Production,Eagle Chemicals,"th of October, Giza", Egypt,['Full Time'],Entry Level,"['Perform overall quality control of the work (budget, schedule, plans, personnel’s performance) and report regularly on project status', 'Develop installation bid packages, get quotes and order', 'Cooperate and communicate effectively with production team', 'Follow up maintenance process to raise efficiency', 'Upgrade existing equipment to improve efficiency']","['Bachelor’s degree in mechanical engineering', 'to 3 years’ experience', 'Professional user of AutoCAD and Microsoft office', 'Decision making ability and leadership skills', 'Very good command of English', 'Learning & Researching', 'Decision making ability and leadership skills']"
10,Software Architect,Bypa-ss,"Maadi, Cairo", Egypt,['Full Time'],Experienced,"['We are looking for an experienced Software Architect to make intuitive high level decisions for software development', 'You will see the “big picture” and create architectural approaches for software design and implementation to guide the development team']","['BS/MS degree in Computer Science, Engineering or a related subject', 'Proven hands-on Proven experience as software architect', 'years experience as an individual Software Engineer contributor working with Java technologies and agile methodologies', 'Collaborate with other professionals to determine functional and non-functional requirements for new software or applications', 'Use tools and methodologies to create representations for functions and user interface of desired product', 'Develop high-level product specifications with attention to system integration and feasibility', 'Define all aspects of development from appropriate technology and workflow to coding standards', 'Communicate successfully all concepts and guidelines to development team', 'Oversee progress of development team to ensure consistency with initial design', 'Provide technical guidance and coaching to developers and engineers', 'Ensure software meets all requirements of quality, security, modifiability, extensibility etc', 'Approve final product before launch', 'Experience with the Health Tech Sector is preferable', 'Full professional English proficiency']"
11,Java Technical Lead,Bypa-ss,"Maadi, Cairo", Egypt,['Full Time'],Experienced,"['We are searching for an innovative technical lead to join our company. As the technical lead, you will oversee the company’s technical team and all projects they undertake, analyze briefs, write progress reports, identify risks, and develop work schedules', 'You should be able to work with your team and inspire them to reach their goals']","['BS/MS degree in Computer Science, Engineering or a related subject', 'Proven hands-on Software Development experience', 'years experience as an individual Software Engineer contributor working with Java technologies and agile methodologies', 'Object Oriented analysis and design using common design patterns', 'Excellent knowledge of Spring Boot Framework', 'Experience in front end development with REACT, Rest, HTML, CSS, responsive design', 'Experience with Junit and test-driven development (TDD', 'Experience in JIRA', 'Experience in Agile (Scrum/Kanban) and DevOps (CI/CD', 'Detail-oriented and excellent concentration ability', 'An analytical mindset and critical thinking', 'An eye for recruiting great people', 'A great sense to manage technical debt and you know investing in quality will make you go faster', 'The ability to be autonomous and to own your decisions', 'A great technical sense to challenge engineers and products to make the right decisions', 'Experience with the Health Tech Sector is preferable', 'Full professional English proficiency']"
12,Research Software Development Engineer,TensorGraph,"Maadi, Cairo", Egypt,['Full Time'],Experienced,"['Designing, coding and releasing complex software components', 'Collaborate with scientists to integrate successful experiments into large scale, highly complex production services', 'Build complex systems that turn machine/deep learning and AI research into commercial products for our customers', 'Development of machine learning experimentation pipelines and contribute to model development and AI progression (investigation, research, analysis and experimentation', 'Rapidly design and conduct large scale experiments in a high-ambiguity environment, making use of both quantitative and qualitative judgments', 'Interact with security engineers and related domain experts to dive deep into the types of challenges that we need innovative solutions for', 'Data ingestion from multiple sources, data organization, preprocessing, cleansing', 'Effective data storage, migration and unification', 'Deployment of services on the cloud and subsequent support and maintenance']","[""Bachelor's degree in Computer Science or a related field required"", 'to 4 years of hands-on experience', 'Top notch investigation skills', 'Experience in Machine Learning (Must) and computer vision would be a (plus', 'Software development experience using both native (C++) and managed (C#) programming (Plus', 'Proficiency with one high level managed programming languages such as NodeJs, C# or JavaEE', 'Proficiency with scripting languages such as Windows PowerShell, Perl, Python, etc (Plus', 'Experience with cloud computing environments, specifically Aws.\xa0(Plus', 'Technical competence (algorithms, data structures) and strong analytical and programming skills', 'Good tolerance for ambiguity and uncertainty', 'Good communication skills and cross-organizational interactions', 'Very good communication skills', 'Problem-solving skills', 'Adaptability and flexibility', 'Accuracy and attention to details', 'Excellent organizational skills', 'Time and stress management skills', 'Ability to learn new concepts', 'Ability to think analytically', 'Leadership and decision-making skills', 'Self-motivation']"
13,Mechanical Engineer,RITEC,"Maadi, Cairo", Egypt,['Full Time'],Entry Level,"['This is an entry level mechanical engineer job for people desiring to work in the condition monitoring field', 'RITEC shall provide training and international certification to Category II for committed people', 'Successful candidates have an opportunity to travel overseas to support our expanding contracts', 'Long term commitment is required']","['Bachelor degree in Mechanical Engineering', 'Fresh graduate', 'Ability to learn and work hard', 'Computer professional, and good English language', 'Driving license']"
14,Senior Data Scientist,Fixed Solutions,"Sheraton, Cairo", Egypt,['Full Time'],Experienced,"['Design and Develop analytical insights based on unstructured and structured data for industry-scaleanalytical solutions on Cloud and on Prem', 'Convert requirements into actual working modules', 'Work with Data Scientists and Distinguished Engineers and Architects to solve problems by using analytics as a tool']","['Required Years of experience: 5+ years of experience', 'Who you are', 'You will be highly hands-on and enjoy keeping up with the latest innovations. With a very good grasp of a broad set of machine learning algorithms and software engineering skills, you will have a machine learning / mathematical / statistical background', 'As a Data scientist you will apply your deep analytics expertise, designing and implementing end to end unstructured data mining of large scale big data platforms. Apply semantic correlation, ontology, and text analytics techniques to analyze un-structured data and identify critical insights', 'You will participate in feature / design discussions / workshop with Architect and the offering Management Teams to come up with innovative solutions that can scale', 'What you know', 'Defining the business problem and working hypothesis', 'Helping to locate/resolve data/quality issues', 'Proficient in the following: Python, R, Java, SQL', 'Proficient at consuming and building REST APIs', 'Proficient at integrating predictive/prescriptive models into applications and processes', 'Training and experience applying probability and statistics', 'Experience in data modeling and evaluation and a deep understanding of supervised andunsupervised machine learning', 'Experience applying mathematical modeling and/or constraint programming to a range ofindustry problems', 'Ability to apply predictive models as input into decision optimization problems', 'Experience building Monte Carlo simulation/optimization for what-if scenario analysis', 'Experience integrating data and the output of predictive and prescriptive models within thecontext of a business problem', 'Proficiency with data parsing, scraping, and wrangling', 'Software life cycle, from analysis, design development, to unit testing, productiondeployment and support']"
15,Pre Sales Engineer,RDI,"Dokki, Giza", Egypt,['Full Time'],Experienced,"['Engaging with customers, capturing requirements, proposing technical solutions and technologies/products', 'Designs AI-based solutions using RDI engines for Speech, OCR, NLP', 'Involve in customer meetings to describe/discuss the proposed solution and highlight advantages over competitors', 'Prepares technical write-up and high-level design that describes the proposed solution', 'Conduct research and gain knowledge of all key products and technologies (including competitive market analysis', 'Drive new sales opportunities by proactively engaging with the technical community within target accounts', 'Deliver consistent product training, technology updates and key selling points', 'Conducting professional demos and presentations for end users', 'Create RFP responses, technical drawings, presentations, and recommendations', 'Awareness / Understanding of Products’ competitors’ portfolios', 'Investigating new technologies and third-party components and staying on top of technology to innovate new products and services', 'Being in sync with market situation and studying market potential']","['Bachelors degree of Engineering/computer science or related field', 'Basic Knowledge of AI-based solutions, Machine Learning, and Deep Learning especially in these fields; Speech-to-Text, Text-to-Speech, Optical Character Recognition (OCR), and Natural Language Processing (NLP', 'years of experience in presales functions', 'Working experience in a customer-facing role and comfortable presenting to audiences on both technical and business-related topics', 'Proficiency with MS Office Suite', 'Fast learner with strong team-work spirit & positive thinking attitude', 'Ability to multi-task and manage competing priorities, ensuring all objectives are accomplished']"
16,Production Engineer - Plastic Field,Red Sea Pipes,"th of October, Giza", Egypt,['Full Time'],Experienced,"['Study the production capacity of all machines and follow up their implementation and their suitability with the production plan drawn up from the planning department approved by Production manager, study any deviation from expected production, monitor problems related to the product, machine, or workers, and make the necessary reports accordingly']",['Required educational level: Bachelor (Engineering - Science) Specialization: Mechanics - Electricity - Chemistry']
17,Data Scientist “Mathematics/Physics,Dafa,Cairo, Egypt,['Full Time'],Experienced,"['We are looking for someone with 7-10 years of experience mining/manipulating data sets and building statistical models, has a Master’s or PHD in Physics/Statistics, Mathematics, Computer Science or another quantitative field', 'Job Description', 'Work with stakeholders throughout the organization to identify opportunities for leveraging company data to drive business solutions', 'Mine and analyze data from company databases to drive optimization and improvement of product development, marketing techniques and business strategies', 'Assess the effectiveness and accuracy of new data sources and data gathering techniques', 'Develop custom data models and algorithms to apply to data sets', 'Use predictive modeling to increase and optimize customer experiences, revenue generation, ad targeting and other business outcomes', 'Develop company A/B testing framework and test model quality', 'Coordinate with different functional teams to implement models and monitor outcomes', 'Develop processes and tools to monitor and analyze model performance and data accuracy']","['Strong problem solving skills with an emphasis on product development', 'Experience using statistical computer languages (R, Python, SLQ, etc.) to manipulate data and draw insights from large data sets', 'Knowledge of advanced statistical techniques and concepts (regression, properties of distributions, statistical tests and proper usage, etc', 'Experience working with and creating data architectures', 'Coding knowledge and experience with several languages: C, C++, Java', 'JavaScript, etc', 'Knowledge and experience in statistical and data mining techniques: GLM/Regression, Random Forest, Boosting, Trees, text mining, social network analysis, etc', 'Experience querying databases and using statistical computer languages: R, Python, SLQ, etc', 'Experience using web services: Redshift, S3, Spark, DigitalOcean, etc', 'Experience creating and using advanced machine learning algorithms and statistics: regression, simulation, scenario analysis, modeling, clustering, decision trees, neural networks, etc', 'Experience analyzing data from 3rd party providers: Google Analytics, Site Catalyst, Coremetrics, Adwords, Crimson Hexagon, Facebook Insights, etc', 'Experience with distributed data/computing tools: Map/Reduce, Hadoop, Hive, Spark, Gurobi, MySQL, etc', 'Experience visualizing/presenting data for stakeholders using: Periscope, Business Objects, D3, ggplot, etc']"
18,Senior C++ Software Developer,Luxoft (A DXC Technology Company,Cairo, Egypt,"['Full Time', 'Work From Home']",Experienced,"['Luxoft is one of the major software services companies world-wide', 'We deliver professional software services in multiple business verticals such as finance, automotive, and digital transformation', ""Supporting large vehicle manufacturers in the area of development, production and aftersales is Luxoft's ambition"", 'The software inside a vehicle was traditionally expected to be a very controlled and self-contained environment', 'Equipping cars with perception and machine intelligence changes a lot in the overall picture of the vehicle manufacturer', ""Luxoft's goal is to empower our customers, with deep domain knowledge and smart solutions, to develop cars of the future. Great mechanical engineering is not the only criteria anymore for delivering the best cars in the world"", 'Using state of the art software technologies are key to provide the requested user experience', 'For the development of the next generation of ADAS (Advanced Driver Assistance Systems) and HAD\xa0(Highly Automated Driving) functions for a major German OEM, we are looking for talented C++ Developers (m/f/d', 'Join our team of enthusiastic and experienced software developers and develop software for an entire driver assistance area of future vehicles of a renowned German automotive manufacturer', 'Develop challenging features that will be used on a daily basis by millions of drivers once the next generation of vehicles hits the roads starting']","['Academic degree in computer science, mechatronics, electronic engineering, telecommunication engineering or similar qualification, PhD welcome', 'Strong OOP and C++background, also in new standards', 'Strong software debugging skills, understanding of performance optimization', 'Very good understanding of the software development process, preferably in the automotive area', 'You are hardworking and have team spirit', 'Strong communication skills in English']"
19,Data Engineer,Cilantro,"Maadi, Cairo", Egypt,['Full Time'],Entry Level,"['ETL maintenance for data freshness and maximum warehouse uptime', 'Integrate new data sources to ETL', 'Build monitoring dashboards for data delivery and quality', 'Data platform infrastructure maintenance and expansion when necessary', 'Adapting and evolving the data platform based on business requirements', 'Support in analytical dashboards creation and interfaces for stakeholders', 'Support in analytical tools development and maintenance']","['Core understanding of OOP, and preferred proficiency in Python', 'Fair knowledge of SQL', 'Basic understanding of database systems', 'Fair knowledge of cloud providers, preferably GCP', 'Basic understanding of cloud data warehouses, preferably Big Query', 'Experience using Pandas', 'Experience with data workflow orchestration (Airflow', 'Nice to have: Machine learning and predictive analytics algorithms, experience using SQLAlchemy and Flask']"
20,Pre Sales Engineer,BBI-Consultancy,"Nasr City, Cairo", Egypt,['Full Time'],Experienced,"['Technical Consultancy', 'New Technology Exploration, whether an entirely new product or new modules of already existing products', 'Conduct Online Webinars', 'Develop Proof of Concepts (PoCs) for customers', 'Develop and present Demos Solution Offerings', 'Participate in creating BBI’s solution offerings', 'Research different sectors’ best practices and latest trends', 'Work with different BBI teams to combine the sectors’ knowledge with the technology knowledge to create solutions offerings', 'Technical Partner Engagement', 'Handle Knowledge Transfer between BBI’s partners & BBI teams', 'Discuss and learn Architecture Guidelines & Licensing Guides from BBI’s Partners', 'Collaborate with partners on replying to customers’ Compliance Matrices', 'Design & Develop Add-ons on partner’s products', 'Create Sales Toolkit', 'Create Ready-Made Demos for other commercial team members to use, including writing the scenario, developing the demo and creating a demo script, the ready-made demos should be categorized as follows']",['Technical Hands-on experience of more than 3 years in one or more of the following areas']
21,Senior Full Stack Developer,Fotopia,"Heliopolis, Cairo", Egypt,['Full Time'],Experienced,"['We are growing and if you believe you have the right startup mindset for an aggressive growth roadmap, check the job description below and apply', 'We are looking for a Senior Full Stack Engineer who has working experience with modern and cutting-edge technologies including AI and Machine Learning. We would like you to lead and coach a team of highly skilled developers in building state of the art technologies and software products, using tools such as Angular, React, JavaScript, Python, MongoDB, Docker, .NET framework as detailed below', 'Solid knowledge and experience in React, TypeScript, HTML5, CSS3, Bootstrap', 'Solid experience with both RDBMS and NoSQL databases (MS SQL Server & MongoDB', 'Solid experience with C#.NET, ASP.NET MVC, .NET core & Microsoft Development Tools', 'Solid Experience in object-oriented programming & software design patterns', 'Fair knowledge of Phyton, AI, machine learning concepts is plus', 'Fair experience in Microsoft Azure, at least App Services and Azure Storage is plus', 'Fair knowledge of Azure DevOps, deploying and automating CI/CD pipelines across multiple environments is plus', 'Good knowledge of Docker or Kubernetes is a plus']","['Bachelor’s degree in computer science or computer engineering', 'Minimum 5 Years of proven work experience, preferably within a technology organization as both a hands-on architect and/or a software engineer', 'Excellent command of English language', 'Have a keen eye for quality and details', 'Very good analytical and creative problem-solving skills', 'What we offer', 'A startup environment to grow where the sky is the limit', 'Top of the market salaries and financial packages', 'Stock options based on the position applied to and proven experience', 'Medical and social insurance']"
22,Application Support Engineer,Caelum Egypt,"Dokki, Giza", Egypt,['Full Time'],Entry Level,"['Provide 1st & eventually 2nd level (after good training on company products) support for production issues across multiple applications, including problem identification, definition and implementation of short-term work around and coordination of long term software solution with business analysis and development team', 'Setup, configure and maintain monitoring for the deployed systems', 'Maintain the company knowledge base related to deployment of new applications and resolutions for known issues', 'Write internal administration guides for the applications and trains the staff in case of new deployment processes are introduced', 'Install and configure clients’ environments on request - onsite or offsite', 'Perform advances investigation of issues including network troubleshooting', 'Diagnose and resolve day-to-day live system issues in timely manner based on their severity', 'Clear understanding of software development lifecycle methodologies and documentation standards', 'Maintain ongoing communication with end-users, business analysts, QA team, and development team on reported issues', 'Coordinate, Review and respond to system audit alerts in a timely manner', 'Ability to write, modify, and execute SQL queries for SQL database', ""Configuration of local machines to clone client's production environment for troubleshooting reported issues"", 'Effectively record and monitor progress of all issues raised, providing feedback to the business users as required', 'Liaise with other support/development teams to resolve cross system issues', 'Maintain application support documentation', 'Test configuration changes in a test environment prior to pushing into production', 'Design and support application reports', 'Maintain confidentiality with regard to the information being processed, stored or accessed', 'Read and recognize the function of SQL queries to perform troubleshooting related to application changes and releases']","['Bachelor degree in Software/Computer Engineering, Computer Sciences, or related field', 'Minimum of 2 years’ experience in a software development context with minimum 2 year in a support role', 'Fluent in English is must', 'Experience in supporting and maintaining applications on desktop, web and database platforms', 'Solid working knowledge in SQL database is a must', 'Fluent English is a MUST', 'Solid experience in CRM systems (Microsoft Dynamics CRM is a plus', 'Solid experience in cloud computing platform (Microsoft Azure is a plus', 'Business Intelligence knowledge is a plus', 'Working experience in .NET framework is a plus', 'Ability to read and understand job-related materials such as instructions, specifications, references and manuals', 'Ability to work with demanding users in a fast paced environment', 'Excellent organizational, analytical, as well as oral and written communication skills', 'Excellent interpersonal and communication skills (oral and written', 'Strong critical thinking and analysis, meeting facilitation, verbal and written communications, and interpersonal skills', 'The ability to explain complicated concepts in a simple manner', 'Proven documentation skills with consistent accuracy of details', 'Strong understanding of change control processes, time management and attention to detail', 'Ability to manage time and work well under pressure', 'Flexibility to handle multiple work streams at any time', 'Ability to investigate, analyze information and to draw conclusions in order to troubleshoot issues', 'Ability to learn and support new applications', 'Ability to work independently or as part of a team', 'Proven ability to understand a customer’s business environment and processes', 'Ability to travel abroad when needed']"
23,Odoo Developer & Pre-Sales Specialist,Elitbuzz,"Maadi, Cairo", Egypt,['Full Time'],Experienced,"['Implement Odoo ERP for different client verticals', 'Design/Configure/Customize/Integrate/Test/Deploy Odoo System based on client requirements & project scope by meeting the project deadlines', 'Design & develop new modules, workflows, reports, APIs etc', 'Coordination with Project Manager/Business Analyst/Junior developers/client and ensure the successful implementation of all client projects on time', 'Takes higher ownership for tasks and duties assigned', 'Guide & mentor Junior Developers whenever required. Assign project tasks & track activities of team members', 'Build prototypes at scoping stage of projects to support Presales team', 'Setup, maintain & monitor Odoo servers -Cloud & On-premise', 'Manage source control such as GITLAB', 'Odoo database & modules migration', 'Integrate Odoo with other software applications', 'Responsible to deliver multiple projects parallelly', 'Support & execute project tasks with onsite/offshore team members', 'Post implementation support']","['Bachelor/Master Degree in computer science or engineering', 'Minimum 5 years of recent Odoo development & implementation experience', 'Ability to work effectively as a team member, demonstrating excellent organizational skills and initiative and flexibility', 'Must have sound knowledge of Odoo MVC architecture', 'Must have strong technical & functional knowledge of Odoo core modules such as Sales, Purchase, Inventory, Accounting, POS, Ecommerce, Project, Manufacturing, Qweb Reporting, etc', 'Knowledge of odoo.sh will be an added advantage', 'Sound knowledge of version control system tools like git and its tools such as Jira, GitHub, Bitbucket, Atlassian', 'Skills to research, learn, troubleshoot, debug, and support complex Odoo customizations', 'Experience in writing techno functional documentation', 'Hands-on experience in configuring & installing POS hardware items, Biometric attendance machines etc. with Odoo System', 'Strong in Python programming, PostgreSQL, Java Script & Object Oriented Design and Programming', 'Strong written & verbal communication skills in English language', 'A comfort level with both giving and receiving respectful constructive critical feedback', 'Good team player & ability to work under pressure', 'Strong sense of commitment, responsibility and ownership']"
24,Production Engineer - Rodniture Furniture,Metal & Steel Innovation,Cairo, Egypt,['Full Time'],Experienced,"['The applicant must have meaningful experience in furniture design/engineering, high attention to detail, and strong leadership and communication skills. Sketching/drafting skills and CAD proficiency are a plus', 'Preference is given to candidates with business/entrepreneurial experience', 'Review order acknowledgments and monitor production progress; report to sales reps in weekly PM meetings', 'Review technical drawings for accuracy and get factory and client’s approval of designs', 'Oversee site measurements and installation of custom furniture as needed', 'Conduct physical inspections of factories and furniture whenever possible', 'Coordinate freight forwarders, warehouses, and local delivery companies to ensure orders are handled properly and delivered on time', 'Coordinate service providers to correct mistakes/damages as quickly as possible', 'Process claims/chargebacks against vendors as appropriate', 'Initiate programs and operate CNC for best quality output', 'Read and interpret plans, sketches, and shop drawings', 'Work with designers and management to achieve customer satisfaction', 'Maintain a high level of production while maintaining quality', 'Responding to quick turn-around orders', 'Manage the overall daily production activities including (production planning, scheduling, quality assurance, budgeting, etc', 'Assess projects and resources requirements and demands']","['Bachelor degree from a reputable university', 'Experience in Furniture Production is a Must', 'Excellent computer skills', 'Minimum 2-4 years of experience in furniture manufacturing plants', 'Good communication skills', 'Able to work under pressure', 'At least 2 years of work experience in operating CNC machines', 'Ability to work under limited supervision using standard practices', 'Experience in Quality Control']"
25,Data Labeler,Micro Engineering,"Heliopolis, Cairo", Egypt,"['Full Time', 'Shift Based']",Entry Level,"['Label machine learning data from clients', 'Complete tasks in a timely manner, meeting SLA deadlines', 'Do post-process audits and write error reports on data and tasks', 'Work in-sync with Team Leads to meet weekly goals']","['Detail oriented and can follow complex instructions', 'Ability to work full-time hours (8-hour workdays', 'Ability to work independently, cooperatively, and collaboratively as a team member', 'Possession of good communication and English language skills', 'Strong sense of ownership, urgency, and drive', 'Ability to handle ambiguity and changing priorities']"
26,Sales Engineer,IBIS SUPPLIES,"New Cairo, Cairo", Egypt,['Full Time'],Experienced,"['Creating new accounts of customers, maintain and develop', 'Achieving ethically and professionally the targets and hit rate of pipeline', 'Seeking for available opportunities to expand the pipeline, and deep follow up for increasing hit rate and meet the budget']","['Preferred Airports equipment’s and systems experience', 'High sales skills and negotiation, High ability for learning, customer oriented', 'Joining in implementing market intelligence for the scope of the company', 'Close follow up for the market situation and changes', 'Presentable, smart, active, good command in English language']"
27,Artificial Intelligence (AI) Engineer,Confidential,Riyadh, Saudi Arabia,['Full Time'],Experienced,"['Develops required machine learning models or prototype applications, applying formulated AI recipes and verifying the problem/solution fit', 'Understands the challenges in medical imaging and using state of the art solutions in AI and DL', 'Participates in building new experiences, improves existing products, ensures quality assurance test designs and contributes to test systems architecture discussions', 'Works alongside leading innovators in the field of deep learning and health care, plays a critical role in algorithm development', 'Analyzes and evaluates data and builds deep networks to detect or predict features, while effectively balancing quality, availability, timeliness and cost factors']","['BA/BS degree in computer science or related discipline is required, MS degree is preferred', 'Good command of the English language required (spoken and written']"
28,Senior Python / Django Developer,RDI,"Dokki, Giza", Egypt,['Full Time'],Experienced,"['Participating in architectural, design and product discussions', 'Working closely with UX and Front-end Developers', 'Develop cloud-based Python Django software products', 'Designing and creating RESTful APIs for internal and partner consumption', 'Writing reusable, testable, and efficient code']","['years of on-the-job software engineering experience', 'Solid database skills in a relational database (i.e. PostgresSQL, MySQL, etc', 'Knowledge of how to build and use RESTful APIs', 'Experience with modern JavaScript frameworks such as React', 'Proficiency using industry standard 3rd party tools such as Docker', 'Strong knowledge of version control (git', 'Experience deploying Python applications into production', 'Understanding of the threading limitations of Python, and multi-process architecture', 'Knowledge of user authentication and authorization between multiple systems, servers, and environments', 'Strong unit test and debugging skills', 'Google Cloud Platform (GCP) knowledge is a plus', 'Experience working in Linux environments and basic shell is a plus']"
29,Business Analyst,Streams,"Dokki, Giza", Egypt,['Full Time'],Experienced,"['Prepares detailed analysis documents with defined and appropriate techniques for functional and non-functional requirements', 'Develops innovative solutions for customers’ requirements and participates in the lifecycle development process of product definition through design, development, test, release, and maintenance', 'Works with the technology and business groups to define project specifications', 'Develops tools and frameworks and enhances the efficiency of the development, test, and release processes', 'Supports developers and QC engineers by clarifying requirements or business concerns generated anytime within the lifecycle development process', 'Communicates effectively with product owners’ insights and supports cross-functional team members and management', 'Delivers daily status reports to the department manager', 'Collaborates and communicates proactively with clients and internal teams to analyze functional requirements and the appropriate project scope according to business needs', 'Translates complex business, functional and technical requirements into detailed work tasks and prepares project scope statements', 'Develops requirement specifications according to standard templates', 'Reviews the documents with the direct manager and the technical team, before finalizing and versioning it']","['Bachelor’s Degree in Computer Science', 'years of proven experience', 'Knowledge of software technology, computer programming experience, and broad business knowledge', 'Proficient in Microsoft Office programs (Access, Excel, Project, PowerPoint, etc.) and Software Design Tools', 'Ability to elicit and document functional requirements, write specifications, use cases, and design user interface requirements for applications', 'Positive attitude even under high pressure and stressful situations', 'Strong problem solving and analytical skills', 'Advanced organization skills to manage teams, resources, processes, and time to achieve a target result within the stipulated timeframe', 'Strong oral and written communication skills', 'Knowledge of machine learning / AI is a plus']"
30,Microsoft CRM Developer,Perfect Presentation,"th of October, Giza", Egypt,['Full Time'],Experienced,"['Writing and documenting the technical specifications and requirements for the planned work from the application consultant', 'Create and maintain a scheme to support system requirements and adherence to Al Majed for Oud standards, policies, and procedures', 'Develop software and identify and resolve website errors on Microsoft Dynamics to improve user experience · Building plans for integrating Dynamics with systems and external resources using SOAP, XML, and REST APIs along with various integration patterns', 'Configure and customize Microsoft Dynamics 365 applications using native and custom forms, entities, plug-ins (JavaScript, C#), Microsoft Flows, X++, .NET, PowerBI, PowerApps, Azure IoT Suite, AppSource, third-party applications, and Azure Machine Learning, SSRS Reports', 'Design technical solutions that support the exchange of channels that serve as the basis for the introduction of routed data throughout the application', 'Ensure that all solutions are lightweight scalable, completely secure and designed with an appropriate level of quality', 'Plan and implement system developments, and provide updates on a regular basis to internal and external clients', 'Follow all relevant policies, processes, standard operating procedures and instructions and ensure work is carried out in a controlled and consistent manner', 'Contribute to the identification of opportunities for continuous improvement of systems, processes and practices, taking into account leading practices, improvement of business processes, cost reduction and productivity improvement', 'Promote the implementation and adherence to relevant policies, processes and operating procedures to others']","['Minimum of 3 years of experience in systems administration and development', 'Knowledge of managing and configuring Microsoft Dynamics systems', ""Bachelor's degree or diploma in Computer Science, Computer Engineering or similar field""]"
31,Junior Innovation Hub Engineer,Nile University,"th of October, Giza", Egypt,['Full Time'],Entry Level,"['Assist lab visitors with technical support', 'Provide lab visitors with required materials and tools', 'Organize the use of lab facility', 'Maintain lab machines regularly', 'Assist researchers with their experimental work', 'Plan the lab’s future needs and requirements', 'Cooperate with industry partners who develop prototypes using lab facilities', 'Organize Competitions for undergraduates that promotes their technical knowledge', 'Supports the university’s startups through prototyping and logistics', 'Assist in ongoing project’s in the University’s Campus', 'Develop documents that is for communication with other departments', 'Participate in the moderation of the innovation hub Facebook page', 'Proactively joins ongoing research projects']","['Bachelors degree in Electronics, Communication, Mechatronics, or Industrial Engineering', 'Basic Solid-works knowledge', 'Basic PCB design and fabrication knowledge', 'D printing experience is a plus', 'Highly familiar with Microsoft office apps', 'Very good written English', 'Self-motivated', 'Proactive', 'Open to learn new skills', 'Adaptive to different tasks and ready to deal with different technologies']"
32,Computer Vision Engineer,Edentech,Cairo, Egypt,['Full Time'],Experienced,"['Maintain our computer vision libraries', 'Explore and analyze video and images through image processing', 'Implement various segmentation techniques', 'Research, develop, evaluate and optimize various computer vision and deep learning models for \xa0 \xa0different problems', 'Communicate with other teams to gather requirements', 'Create unit tests, documentation, and examples for the maintained libraries']","[""Bachelor's degree in the areas of Computer Science/Computer Engineering, Engineering or any other related fields""]"
33,Senior Data Engineer,Edentech,Cairo, Egypt,['Full Time'],Experienced,"['We address Data at Eden tech as a top priority for driving success into various functions adapting our heterogenous datasets to formulate data into information, information into insight and insight into business decisions. Data analyst responsibilities include conducting full data infrastructure developing, maintaining, and testing for data generation. Data Engineer has a deep expertise in building large-scale data processing systems by using the latest database and data processing technologies', 'We are looking for a savvy Data Engineer to join our growing team of analytics experts. Excited to be responsible for building and expanding our data pipeline architecture, as well as optimizing data flow and collection for cross functional teams', 'The ideal candidate enjoys optimizing data systems and building them from the ground up', 'The Data Engineer will support our software developers, database architects, data analysts and data scientists on data initiatives and will ensure optimal data delivery architecture is consistent throughout ongoing projects. striving for operational excellence along with igniting innovative ideas hidden in large data sets and working with stakeholders to improve business outcomes']","['Results-oriented, determined and having a self-driven attitude', 'Deep Understanding of CS (Data Structure , Algorithms , Data Sterilization , Discreate Mathematics , CLI , Shell Scripting , networking, and corn jobs', 'Proven Experience in programming languages like (Java , Python , Scala', 'Deep Understanding Concurrent Distributed systems (Times, Clocks ,Ordering of events , Broadcasting and Replication', 'Deep understanding of relational and non-relational databases', 'Deep understanding Data warehouse', 'Concepts (Data Modeling, OLAP, OLTP , Denormalization ,Different Schemas', 'Engines like Snowflake , Hive , Impala , Google Big Query , Amazon Redshift', 'Deep understanding Data Lakes (Delta Lake , Databricks , Amazon Athena , Azure data lake', 'Deep understanding of Data Processing Engines (PIG , Spark , Flink , NIFI , Kafka , Storm', 'Workflow Managing systems (Airflow , Luigi , Google Composer', 'Basics understanding and implementing Machine Learning (TensorFlow, Spark MiLB', 'Experience building and optimizing ‘big data’ data pipelines, architectures, and data sets. In both batch and real-time data integration', 'Working knowledge of stream processing, and highly scalable ‘big data’ data stores and messaging systems (Rabbit MQ , Pub Sub , Amazon SNS', 'Excellent communication skills, both verbally and in writing, to be able to align with various stakeholders and cross border squads', 'Understanding data privacy and security (data governance, key management, encryption', 'Understanding Cluster Computing (AWS , Azure, GCP) is preferred', 'Understand software testing (Unit Testing , Functional testing , Integration testing) is preferred', 'Understanding identity and access management (active directory) is preferred']"
34,Product Manager,Fab-Minds,"Sheraton, Cairo", Egypt,['Full Time'],Experienced,"['Build and own a vision, strategy and multi quarter road map', 'Break the vision into epics and stories, prioritize and own the backlog of the dedicated team', 'Managing and prioritizing the product backlog', 'Study the market and the competition to be able to successfully identify growth areas and channels', 'Define the product user experience scenarios, identify risks and provide the appropriate solutions', 'Create different and numerous revenue streams', 'Create concrete plans with risk mitigation, deliverables & milestones', 'Work with the executive team to successfully raise a series A funding in 6 to 9 months', 'Coordinate and work closely with the engineering & AI team to successfully migrate and integrate new features with the mob app', 'Participate in the formulation of and follow-up on the training of junior and senior software engineers', 'Participate in the recruitment of key software engineering personnel in the company', 'Collaborate with system architects, business analysts and other stakeholders to design, develop, and maintain high-quality and user-friendly products', 'Participate in the deployment plans of validated codes on different system platforms', 'Provide near-accurate estimates for software development activities and ensure its suitability to strategic objectives of the product releases', 'Interface with other teams and stakeholders to align the requirements with software plans', 'Provide high-quality reports for senior engineers on both the work progress and development plans']","['Bachelor’s degree in Computer Science or other related majors', 'years of experience in Mobile Apps product management', 'Experience in mobile-app development for cross-platform deployment', 'Strong UX/UI experience', 'Experience in user engagement', 'Experience with IOT', 'Experience in machine learning, computer vision, and AI is a plus', 'Familiarity of different software development processes such as agile development', 'Ability to multi-task and follow-up with tight project schedules', 'Internally motivated and possess the ability to motivate teams to achieve high altitudes', 'Excellent interpersonal and leadership skills to interact and lead junior engineers', 'Excellent written & spoken communication skills in English']"
35,Senior Python Developer,FlairsTech,"Maadi, Cairo", Egypt,['Full Time'],Experienced,"['Software Developers with Python development and/or Networking Knowledge working on a support/maintenance type of environment', 'Solid understanding of fundamental design patterns and principles required for building scalable applications composed of reusable componentry', 'Key understanding of industry best practices with regard to the implementation of software security and data protection principles', 'Experience with user authentication and authorization between multiple systems, servers, and environments', 'Strong familiarity with SQL, relational DB schema design, and optimization to appropriately represent and support requisite business processes', 'Integration with data storage solutions includes relational databases, key-value stores, and a variety of AWS-based services', 'Significant experience and comfort with, at least, one Python web framework with a preference towards Django. Flask, Falcon, and other Python web framework experience are also highly valued', 'Proficient experience with building Test-Driven Development', 'Basic understanding of front-end technologies, such as JavaScript, HTML5, and CSS', 'Strong understanding of code versioning tools specifically Git and using Git Flow', 'Fundamental experience using Python in the context of machine learning or artificial intelligence (AI) systems']","['Bachelors degree in Software Engineering or Mathematics related discipline, with GPA of 3.0 or higher (or the equivalent', 'Strong experience with the design and implementation of low-latency, high-availability, and performant applications', 'or more years of experience Developing Software Applications within a small to the medium-sized team using primarily Python']"
36,Senior Full Stack Instructor (PHP - Python,Confidential,Cairo, Egypt,['Full Time'],Experienced,"['Supervise, educate\xa0and support students to help them accomplish learning benchmarks', ""Consistently meets the department's KPI"", 'Communicates effectively, both verbally and written, with management, team members, and other departments', 'Anticipates and resolves common problems', 'Balances long and short-term goals by prioritizing activities', 'Reviews training curriculum and actively participates in curriculum planning sessions for new product training', 'Recommends and implements solutions when department issues arise', 'Assign schedules for part time and full-time technical instructors and manage their budgets', 'Daily track team technical performance by updating and reviewing timesheets', 'Continuously developing technical training courses based on the market need', 'Work with the talent acquisition team to hire qualified technical instructors', 'Train new technical staff', 'Understand AMIT’s policies and rules and apply them\xa0on instructors and students', 'Create new ways to increase customer satisfaction', 'Daily track customer feedback, requests and work on achieving SLA', 'Increase technical knowledge for the sales team and prepare technical proposals', 'Work with the marketing department to determine product-market fit and maximize marketing efficiency', 'Work to succeed in any software development projects or outsourcing deals', 'Continuously get technical feedback (oral, onsite) from all AMIT branches inside and outside Cairo']","['University degree in Computer Science, Software Engineering, or similar', 'years of experience', 'Strong knowledge with HTML5, CSS3, Bootstrap, JavaScript, React.js', 'Strong software development knowledge of Python and\xa0PHP', 'Strong Knowledge with SQL data base design', 'EXPERT in building APIs using Django REST', 'Good Knowledge with Versioning (GIT', 'Deployment (knowledgeable with hosting services preferably on Linux machines', 'Strong knowledge of MVVM', 'The VUE framework is a must', 'V.Good knowledge of relational databases', 'Excellent knowledge of Design Patterns and OOP basics', 'Laravel framework is a must', 'Very good English', 'Presentable', 'Excellent Communication Skills']"
37,Application Support Engineer -Technical Support,eBSEG,"Maadi, Cairo", Egypt,['Full Time'],Experienced,"['You will be responsible for providing application deployment and remote and/or onsite technical support for clients who have critical response time requirements for their business systems', 'You will work independently and as part of a team to urgently analyze technical issues, troubleshoot over the Email/Phone or via remote access or on site, and escalate problems when appropriate', 'Provide 1st & eventually 2nd level (after good training on company products) support for production issues across multiple applications, including problem identification, definition and implementation of short-term work around and coordination of long term software solution with business analysis and development team', 'Setup, configure and maintain monitoring for the deployed systemsMaintain the company knowledge base related to deployment of new applications and resolutions for known issues', 'Write administration/installation and configuration and other guides for the applications and train client staff on delivered systems', 'Install and configure clients’ environments on request - onsite or offsite (In Egypt and Outside Egypt', 'Perform advances investigation of issues including source code investigation and network troubleshooting', 'Review Security Penetration Points of developed/delivered Systems', 'Review Deployment against best practice check lists', 'Monitor trouble management system to ensure all reported production issues are addressed according to published service level agreement', 'Diagnose and resolve day-to-day live system issues in timely manner based on their severity.Clear understanding of software development life-cycle methodologies and documentation standards', 'Maintain ongoing communication with end-users, business analysts, QA team, and development team on reported issues', 'Coordinate, Review and respond to system audit alerts in a timely manner', 'Ability to write, modify, and execute SQL queries for SQL Server', ""Configuration of local machines to clone client's production environment for troubleshooting reported issues"", 'Effectively record and monitor progress of all issues raised, providing feedback to the business users as required', 'Liaise with other support/development teams to resolve cross system issues', 'Maintain application support documentation', 'Test configuration changes in a test environment prior to pushing into production', 'Design and support application reports', 'Maintain confidentiality with regard to the information being processed, stored or accessed', 'Perform Stress Testing on Web Applications', 'Provide evening and weekend support in response to needs of the applications being supported if necessary', 'Read and recognize the function of SQL queries to perform troubleshooting related to application changes and releases']","['University degree in Software/Computer Engineering, Computer Sciences, or related field', 'Minimum of 2 years’ experience in a software Industry with minimum 1 year in a support role', 'Experience in supporting and maintaining applications on web and database platforms', 'Solid working knowledge and building queries in SQL 2008+ databases is a must', 'Fluent English is a MUST', 'Solid experience in writing and performing T-SQL queries, joins, updates, etc', 'Ability to read and understand job-related materials such as instructions, specifications, references and manuals', 'Ability to work with demanding users in a fast paced environment', 'Excellent organizational, analytical, as well as oral and written communication skills', 'Excellent interpersonal and communication skills (oral and written', 'Proven documentation skills with consistent accuracy of details', 'Strong understanding of change control processes, time management, multi-tasking and attention to detail', 'Strong knowledge of Network and HTTP concepts', 'Ability to investigate, analyze information and to draw conclusions in order to troubleshoot issues', 'Experience in supporting a 24 x 7 hour environment', 'Ability to learn and support new applications', 'Ability to work independently or as part of a team', 'Possibly to Travel for periods around 3 months or more']"
38,Scrum Master,RDI,"Dokki, Giza", Egypt,['Full Time'],Experienced,"['Guides teams to a culture of focus, improving the organization of their work through sprint planning and reviews throughout a project life cycle', 'Guides departments and teams towards cross-functional orientation by providing essential Agile coaching, helping plan and coordinate new workflows and patterns, and scheduling task assignments and goals', 'Guides scrum teams to follow Agile/Scrum principles and practices and reinforce SAFe framework', 'Ensures scrum teams are using best practice agile delivery tools and templates for all processes including documenting and tracking user stories', 'Maintains the scrum team capacity plan, scrum board, sprint backlog, velocity charts and burn down charts', 'Continually monitors the progress of team members across departments and provides support to engage employees to achieve goals', 'Manages risks and issues proactively, including resources, costs, and systems, and recommending appropriate solutions', 'Forms partnerships across departments to streamline work processes and improve the speed at which the company can respond to and capitalize on opportunities', 'Integrates technology into employee workflows to increase the speed and accuracy of changes to improve the results of work processes, emphasizing continuous improvement', 'Completes monthly status reports and presents to clients and upper management', 'Manages the submission of project deliverables to Client, including project documentation, code, executables, or otherwise', 'Manages signoffs required from Client, including schedule, requirements, testing results, and/or others', 'Provides Client feedback to internal teams in a timely and accurate fashion, avoiding miscommunications and delays that threaten relationship with the Client or the healthy progress of the project', 'Manages user training or any other type of awareness sessions with the Client', 'Manages user acceptance testing with Client resources', 'Ensures resource allocation to the project is within budget', 'Works with internal teams and client representatives to ensure that the project team have access to all resources and data required to successfully complete project tasks on time', 'Works with commercial teams internally to invoice clients on time based upon project progress and achievement of payment milestones, attaining the required sign-offs from Clients for timely invoicing', 'Supports Product Owners, especially in regard to developing, refining, and managing the product backlog', 'Escalates issues in the implementation of Agile methodologies to expedite process correction, creating strategies that resonate with the culture of the organization', 'Preparing, coordinating and supervising systems implementation', 'Reports on the status of delivery using agreed reporting metrics e.g. burndown', 'Creates and maintains documentation']","['years of relevant experience in Agile development including solid practicing on agile methodologies', 'Bachelor’s Degree in Computer Science, Engineering, Information Systems or related fields', 'Strong knowledge of Scrum, Agile, Lean, and Project Management methodologies and frameworks', 'Expert level proficiency with common project management tools such as Jira, Confluence, Microsoft Teams and Microsoft Project and Trello', 'A high proficiency in verbal and written English', 'Experience in managing Agile projects and personal responsibility for delivering projects', 'Familiarity with software development methodologies', 'Familiarity with machine learning systems', 'Ability to foster an environment of collaboration and accountability', 'Effective and efficient written and verbal communication skills', 'Ability to multi-task and prioritize according to business/ clients’ needs', 'Effective stakeholder management and communication', 'Scrum master certification is a plus', 'PMP certification is a plus']"
39,Senior Full Stack Developer,Khalifa Foundation Investment,Cairo, Egypt,['Full Time'],Experienced,"['Designing, building, and maintaining Websites and Web-based applications UI & UX', 'Collaborate and work with mobile app developers on the backend needs of projects', 'Determining user needs by analyzing technical requirements', 'Write clean, secure, easily maintainable, and modular codes', 'Database designing and maintenance', 'Build reusable code and libraries for future use', 'Troubleshoot and debug applications', 'Perform backend tests to optimize performance', 'Design and develop Restful APIs', 'Solid knowledge and experience in React, TypeScript, HTML5, CSS3, Bootstrap', 'Solid experience with both RDBMS and NoSQL databases (MS SQL Server & MongoDB', 'Solid experience with C#.NET, ASP.NET MVC, .NET core & Microsoft Development Tools', 'Solid Experience in object-oriented programming & software design patterns']","['Fair knowledge of Phyton, AI, machine learning concepts is plus', 'Fair experience in Microsoft Azure, at least App Services and Azure Storage is plus', 'Fair knowledge of Azure DevOps, deploying and automating CI/CD pipelines across multiple environments is plus', 'Good knowledge of Docker or Kubernetes is a plus', 'Bachelor’s degree in computer science or computer engineering', 'Minimum 5 Years of proven work experience, preferably within a technology organization as both a hands-on architect and/or a software engineer', 'Excellent command of English language', 'Have a keep eye for quality and details', 'Very good analytical and creative problem-solving skills']"
40,Senior Full-Stack Software Engineer,RISEUP (Endemag for Administrative Skills Development,"Sheikh Zayed, Giza", Egypt,['Work From Home'],Experienced,"['Develop, test, document, and implement high performing solutions', 'Develop elegant, reusable components utilizing HTML, SCSS, and TypeScript', 'Write efficient, reusable, testable code', 'Participate in regular peer code reviews', 'Clearly and effectively communicate development processes, ideas, and solutions to team']","['years working with Angular, HTML, CSS, TypeScript, JavaScript', 'years of web application code design and architecture', ""Comfortable working with REST API's and JSON data"", ""Bachelor's degree in Engineering, Computer Science, or related technical field"", 'Ability to communicate effectively with both technical and non-technical individuals', 'Excellent oral and written communication skills', 'Detail-oriented with a demonstrated ability to deliver in scope and on time', 'Passion for creating efficient, scalable, highly usable web interfaces', 'Excited about technology, have a strong interest in learning about and playing with the latest technologies, and building compelling web applications and UI', 'Work well in teams, respecting and welcoming ideas from colleagues', 'Strong customer focus, ownership, urgency, and drive']"
41,Front End Angular Developer,RISEUP (Endemag for Administrative Skills Development,"Sheikh Zayed, Giza", Egypt,['Work From Home'],Experienced,"['Develop, test, document, and implement high performing solutions', 'Develop elegant, reusable components utilizing HTML, SCSS, and TypeScript', 'Write efficient, reusable, testable code', 'Participate in regular peer code reviews', 'Clearly and effectively communicate development processes, ideas, and solutions to team']","['Fluency in English', 'years working with Angular, HTML, CSS, TypeScript, JavaScript', 'years of web application code design and architecture', ""Comfortable working with REST API's and JSON data"", ""Bachelor's degree in Engineering, Computer Science, or related technical field"", 'Ability to communicate effectively with both technical and non-technical individuals', 'Excellent oral and written communication skills', 'Detail-oriented with a demonstrated ability to deliver in scope and on time', 'Passion for creating efficient, scalable, highly usable web interfaces', 'Excited about technology, have a strong interest in learning about and playing with the latest', 'technologies, and building compelling web applications and UI', 'Work well in teams, respecting and welcoming ideas from colleagues • Strong customer focus', 'ownership, urgency, and drive']"
